{
    "final_train_acc": 0.10500000000000001,
    "final_test_acc": 0.2,
    "final_test_loss": 614.3144154548645
}