{
    "final_train_acc": 0.9058333333333334,
    "final_test_acc": 0.9198,
    "final_test_loss": 19.35626146197319
}