{
    "final_train_acc": 0.9349999999999999,
    "final_test_acc": 0.8672,
    "final_test_loss": 34.76847152411938
}