{
    "final_train_acc": 0.8333333333333334,
    "final_test_acc": 0.7349,
    "final_test_loss": 98.67129921913147
}